CREATE DATABASE  IF NOT EXISTS `teste_analista_dados_questao_1` /*!40100 DEFAULT CHARACTER SET utf8mb4 COLLATE utf8mb4_0900_ai_ci */ /*!80016 DEFAULT ENCRYPTION='N' */;
USE `teste_analista_dados_questao_1`;
-- MySQL dump 10.13  Distrib 8.0.26, for Win64 (x86_64)
--
-- Host: localhost    Database: teste_analista_dados_questao_1
-- ------------------------------------------------------
-- Server version	8.0.21

/*!40101 SET @OLD_CHARACTER_SET_CLIENT=@@CHARACTER_SET_CLIENT */;
/*!40101 SET @OLD_CHARACTER_SET_RESULTS=@@CHARACTER_SET_RESULTS */;
/*!40101 SET @OLD_COLLATION_CONNECTION=@@COLLATION_CONNECTION */;
/*!50503 SET NAMES utf8 */;
/*!40103 SET @OLD_TIME_ZONE=@@TIME_ZONE */;
/*!40103 SET TIME_ZONE='+00:00' */;
/*!40014 SET @OLD_UNIQUE_CHECKS=@@UNIQUE_CHECKS, UNIQUE_CHECKS=0 */;
/*!40014 SET @OLD_FOREIGN_KEY_CHECKS=@@FOREIGN_KEY_CHECKS, FOREIGN_KEY_CHECKS=0 */;
/*!40101 SET @OLD_SQL_MODE=@@SQL_MODE, SQL_MODE='NO_AUTO_VALUE_ON_ZERO' */;
/*!40111 SET @OLD_SQL_NOTES=@@SQL_NOTES, SQL_NOTES=0 */;

--
-- Table structure for table `centro_custo`
--

DROP TABLE IF EXISTS `centro_custo`;
/*!40101 SET @saved_cs_client     = @@character_set_client */;
/*!50503 SET character_set_client = utf8mb4 */;
CREATE TABLE `centro_custo` (
  `CODE` varchar(45) NOT NULL,
  `NAME` varchar(45) DEFAULT NULL,
  `SN_ATIVO` varchar(45) DEFAULT NULL,
  PRIMARY KEY (`CODE`)
) ENGINE=MyISAM DEFAULT CHARSET=utf8mb4 COLLATE=utf8mb4_0900_ai_ci;
/*!40101 SET character_set_client = @saved_cs_client */;

--
-- Dumping data for table `centro_custo`
--

LOCK TABLES `centro_custo` WRITE;
/*!40000 ALTER TABLE `centro_custo` DISABLE KEYS */;
INSERT INTO `centro_custo` VALUES ('1','CENTRO DE CUSTO 1','S'),('2','CENTRO DE CUSTO 2','S'),('3','CENTRO DE CUSTO 3','S'),('4','CENTRO DE CUSTO 4','S'),('5','CENTRO DE CUSTO 5','S'),('6','CENTRO DE CUSTO 6','S'),('7','CENTRO DE CUSTO 7','S'),('8','CENTRO DE CUSTO 8','S'),('9','CENTRO DE CUSTO 9','S'),('10','CENTRO DE CUSTO 10','S'),('11','CENTRO DE CUSTO 11','N'),('12','CENTRO DE CUSTO 12','N'),('13','CENTRO DE CUSTO 13','N');
/*!40000 ALTER TABLE `centro_custo` ENABLE KEYS */;
UNLOCK TABLES;

--
-- Table structure for table `empresa`
--

DROP TABLE IF EXISTS `empresa`;
/*!40101 SET @saved_cs_client     = @@character_set_client */;
/*!50503 SET character_set_client = utf8mb4 */;
CREATE TABLE `empresa` (
  `CODE` varchar(45) NOT NULL,
  `NAME` varchar(45) DEFAULT NULL,
  PRIMARY KEY (`CODE`)
) ENGINE=MyISAM DEFAULT CHARSET=utf8mb4 COLLATE=utf8mb4_0900_ai_ci;
/*!40101 SET character_set_client = @saved_cs_client */;

--
-- Dumping data for table `empresa`
--

LOCK TABLES `empresa` WRITE;
/*!40000 ALTER TABLE `empresa` DISABLE KEYS */;
INSERT INTO `empresa` VALUES ('1','EMPRESA 1'),('2','EMPRESA 2'),('3','EMPRESA 3'),('4','EMPRESA 4'),('5','EMPRESA 5');
/*!40000 ALTER TABLE `empresa` ENABLE KEYS */;
UNLOCK TABLES;

--
-- Table structure for table `relatorio`
--

DROP TABLE IF EXISTS `relatorio`;
/*!40101 SET @saved_cs_client     = @@character_set_client */;
/*!50503 SET character_set_client = utf8mb4 */;
CREATE TABLE `relatorio` (
  `CODE` varchar(45) NOT NULL,
  `NAME` varchar(45) DEFAULT NULL,
  `SN_ATIVO` varchar(45) DEFAULT NULL,
  PRIMARY KEY (`CODE`)
) ENGINE=MyISAM DEFAULT CHARSET=utf8mb4 COLLATE=utf8mb4_0900_ai_ci;
/*!40101 SET character_set_client = @saved_cs_client */;

--
-- Dumping data for table `relatorio`
--

LOCK TABLES `relatorio` WRITE;
/*!40000 ALTER TABLE `relatorio` DISABLE KEYS */;
INSERT INTO `relatorio` VALUES ('1','BALANCO PATRIMONIAL','S'),('2','DRE','S'),('3','INDICADORES','N'),('4','FLUXO DE CAIXA','S'),('5','DMPL','N');
/*!40000 ALTER TABLE `relatorio` ENABLE KEYS */;
UNLOCK TABLES;

--
-- Table structure for table `source`
--

DROP TABLE IF EXISTS `source`;
/*!40101 SET @saved_cs_client     = @@character_set_client */;
/*!50503 SET character_set_client = utf8mb4 */;
CREATE TABLE `source` (
  `DATA` datetime DEFAULT NULL,
  `CODE` varchar(45) DEFAULT NULL,
  `DESCRIPTION` varchar(45) DEFAULT NULL,
  `VALUE` varchar(45) DEFAULT NULL,
  `ID_RELATORIO` varchar(45) DEFAULT NULL,
  `CODE_CENTRO_CUSTO` varchar(45) DEFAULT NULL,
  `CODE_EMPRESA` varchar(45) DEFAULT NULL,
  `ID` int NOT NULL AUTO_INCREMENT,
  PRIMARY KEY (`ID`)
) ENGINE=MyISAM AUTO_INCREMENT=745 DEFAULT CHARSET=utf8mb4 COLLATE=utf8mb4_0900_ai_ci;
/*!40101 SET character_set_client = @saved_cs_client */;

--
-- Dumping data for table `source`
--

LOCK TABLES `source` WRITE;
/*!40000 ALTER TABLE `source` DISABLE KEYS */;
INSERT INTO `source` VALUES ('2023-01-01 00:00:00','1.1.01.01.1020','ATIVO CONTA: 1.1.01.01.1020','8890','1','10','3',373),('2023-01-01 00:00:00','1.1.01.01.1025','ATIVO CONTA: 1.1.01.01.1025','4927','1','5','3',374),('2023-01-01 00:00:00','1.1.01.10.1121','ATIVO CONTA: 1.1.01.10.1121','-9920','1','8','3',375),('2023-01-01 00:00:00','1.1.10.10.1172','ATIVO CONTA: 1.1.10.10.1172','3851','1','1','3',376),('2023-01-01 00:00:00','1.1.10.10.1174','ATIVO CONTA: 1.1.10.10.1174','7801','1','3','3',377),('2023-01-01 00:00:00','1.1.10.10.1176','ATIVO CONTA: 1.1.10.10.1176','-822','1','9','3',378),('2023-01-01 00:00:00','1.1.10.10.1177','ATIVO CONTA: 1.1.10.10.1177','-7432','1','10','3',379),('2023-01-01 00:00:00','1.1.10.10.1178','ATIVO CONTA: 1.1.10.10.1178','1771','1','9','3',380),('2023-01-01 00:00:00','1.1.10.10.1188','ATIVO CONTA: 1.1.10.10.1188','6423','1','8','3',381),('2023-01-01 00:00:00','1.1.10.10.1189','ATIVO CONTA: 1.1.10.10.1189','-5369','1','7','3',382),('2023-01-01 00:00:00','1.1.10.10.1190','ATIVO CONTA: 1.1.10.10.1190','-6550','1','8','3',383),('2023-01-01 00:00:00','1.1.10.20.1191','ATIVO CONTA: 1.1.10.20.1191','-832','1','6','3',384),('2023-01-01 00:00:00','1.1.10.20.1192','ATIVO CONTA: 1.1.10.20.1192','5013','1','2','3',385),('2023-01-01 00:00:00','1.1.10.20.1193','ATIVO CONTA: 1.1.10.20.1193','-9107','1','6','3',386),('2023-01-01 00:00:00','2.1.01.01.1020','PASSIVO CONTA: 2.1.01.01.1020','728','1','7','3',387),('2023-01-01 00:00:00','2.1.01.01.1025','PASSIVO CONTA: 2.1.01.01.1025','-606','1','3','3',388),('2023-01-01 00:00:00','2.1.10.10.1174','PASSIVO CONTA: 2.1.10.10.1174','-574','1','4','3',389),('2023-01-01 00:00:00','2.1.10.10.1176','PASSIVO CONTA: 2.1.10.10.1176','581','1','6','3',390),('2023-01-01 00:00:00','3.1.10.10.1178','PASSIVO CONTA: 3.1.10.10.1178','-629','1','9','3',391),('2023-01-01 00:00:00','3.1.10.10.1188','PASSIVO CONTA: 3.1.10.10.1188','480','1','7','3',392),('2023-01-01 00:00:00','3.1.10.10.1189','PASSIVO CONTA: 3.1.10.10.1189','324','1','7','3',393),('2023-01-01 00:00:00','3.1.10.10.1190','PASSIVO CONTA: 3.1.10.10.1190','-457','1','10','3',394),('2023-01-01 00:00:00','4.1.10.20.1191','PASSIVO CONTA: 4.1.10.20.1191','537','1','8','3',395),('2023-01-01 00:00:00','4.1.10.20.1192','PASSIVO CONTA: 4.1.10.20.1192','512','1','7','3',396),('2023-01-01 00:00:00','4.1.10.20.1193','PASSIVO CONTA: 4.1.10.20.1193','460','1','7','3',397),('2023-02-01 00:00:00','1.1.01.01.1020','ATIVO CONTA: 1.1.01.01.1020','14224','1','6','3',398),('2023-02-01 00:00:00','1.1.01.01.1025','ATIVO CONTA: 1.1.01.01.1025','7883.2','1','3','3',399),('2023-02-01 00:00:00','1.1.01.10.1121','ATIVO CONTA: 1.1.01.10.1121','-15872','1','5','3',400),('2023-02-01 00:00:00','1.1.10.10.1172','ATIVO CONTA: 1.1.10.10.1172','6161.6','1','7','3',401),('2023-02-01 00:00:00','1.1.10.10.1174','ATIVO CONTA: 1.1.10.10.1174','12481.6','1','2','3',402),('2023-02-01 00:00:00','1.1.10.10.1176','ATIVO CONTA: 1.1.10.10.1176','-1315.2','1','7','3',403),('2023-02-01 00:00:00','1.1.10.10.1177','ATIVO CONTA: 1.1.10.10.1177','-11891.2','1','10','3',404),('2023-02-01 00:00:00','1.1.10.10.1178','ATIVO CONTA: 1.1.10.10.1178','2833.6','1','5','3',405),('2023-02-01 00:00:00','1.1.10.10.1188','ATIVO CONTA: 1.1.10.10.1188','10276.8','1','7','3',406),('2023-02-01 00:00:00','1.1.10.10.1189','ATIVO CONTA: 1.1.10.10.1189','-8590.4','1','9','3',407),('2023-02-01 00:00:00','1.1.10.10.1190','ATIVO CONTA: 1.1.10.10.1190','-10480','1','3','3',408),('2023-02-01 00:00:00','1.1.10.20.1191','ATIVO CONTA: 1.1.10.20.1191','-1331.2','1','4','3',409),('2023-02-01 00:00:00','1.1.10.20.1192','ATIVO CONTA: 1.1.10.20.1192','8020.8','1','5','3',410),('2023-02-01 00:00:00','1.1.10.20.1193','ATIVO CONTA: 1.1.10.20.1193','-14571.2','1','2','3',411),('2023-02-01 00:00:00','2.1.01.01.1020','PASSIVO CONTA: 2.1.01.01.1020','1164.8','1','7','3',412),('2023-02-01 00:00:00','2.1.01.01.1025','PASSIVO CONTA: 2.1.01.01.1025','-969.6','1','3','3',413),('2023-02-01 00:00:00','2.1.10.10.1174','PASSIVO CONTA: 2.1.10.10.1174','-918.4','1','8','3',414),('2023-02-01 00:00:00','2.1.10.10.1176','PASSIVO CONTA: 2.1.10.10.1176','929.6','1','9','3',415),('2023-02-01 00:00:00','3.1.10.10.1178','PASSIVO CONTA: 3.1.10.10.1178','-1006.4','1','9','3',416),('2023-02-01 00:00:00','3.1.10.10.1188','PASSIVO CONTA: 3.1.10.10.1188','768','1','3','3',417),('2023-02-01 00:00:00','3.1.10.10.1189','PASSIVO CONTA: 3.1.10.10.1189','518.4','1','4','3',418),('2023-02-01 00:00:00','3.1.10.10.1190','PASSIVO CONTA: 3.1.10.10.1190','-731.2','1','3','3',419),('2023-02-01 00:00:00','4.1.10.20.1191','PASSIVO CONTA: 4.1.10.20.1191','859.2','1','2','3',420),('2023-02-01 00:00:00','4.1.10.20.1192','PASSIVO CONTA: 4.1.10.20.1192','819.2','1','4','3',421),('2023-02-01 00:00:00','4.1.10.20.1193','PASSIVO CONTA: 4.1.10.20.1193','736','1','4','3',422),('2023-01-01 00:00:00','3.1.10.10.1178','PASSIVO CONTA: 3.1.10.10.1178','-629','2','9','3',423),('2023-01-01 00:00:00','3.1.10.10.1188','PASSIVO CONTA: 3.1.10.10.1188','480','3','11','3',424),('2023-01-01 00:00:00','3.1.10.10.1189','PASSIVO CONTA: 3.1.10.10.1189','324','5','7','4',425),('2023-01-01 00:00:00','3.1.10.10.1190','PASSIVO CONTA: 3.1.10.10.1190','-457','2','10','3',426),('2023-01-01 00:00:00','4.1.10.20.1191','PASSIVO CONTA: 4.1.10.20.1191','537','2','8','1',427),('2023-01-01 00:00:00','4.1.10.20.1192','PASSIVO CONTA: 4.1.10.20.1192','512','4','7','2',428),('2023-01-01 00:00:00','4.1.10.20.1193','PASSIVO CONTA: 4.1.10.20.1193','460','4','7','3',429),('2023-02-01 00:00:00','1.1.01.01.1020','ATIVO CONTA: 1.1.01.01.1020','14224','1','11','1',430),('2023-02-01 00:00:00','1.1.01.01.1025','ATIVO CONTA: 1.1.01.01.1025','7883.2','1','12','1',431),('2023-02-01 00:00:00','1.1.01.10.1121','ATIVO CONTA: 1.1.01.10.1121','-15872','1','5','2',432),('2023-02-01 00:00:00','1.1.10.10.1172','ATIVO CONTA: 1.1.10.10.1172','6161.6','1','13','4',433),('2023-02-01 00:00:00','1.1.10.10.1174','ATIVO CONTA: 1.1.10.10.1174','12481.6','1','11','4',434),('2023-01-01 00:00:00','1.1.01.01.1020','ATIVO CONTA: 1.1.01.01.1020','8890','1','10','3',435),('2023-01-01 00:00:00','1.1.01.01.1025','ATIVO CONTA: 1.1.01.01.1025','4927','1','5','3',436),('2023-01-01 00:00:00','1.1.01.10.1121','ATIVO CONTA: 1.1.01.10.1121','-9920','1','8','3',437),('2023-01-01 00:00:00','1.1.10.10.1172','ATIVO CONTA: 1.1.10.10.1172','3851','1','1','3',438),('2023-01-01 00:00:00','1.1.10.10.1174','ATIVO CONTA: 1.1.10.10.1174','7801','1','3','3',439),('2023-01-01 00:00:00','1.1.10.10.1176','ATIVO CONTA: 1.1.10.10.1176','-822','1','9','3',440),('2023-01-01 00:00:00','1.1.10.10.1177','ATIVO CONTA: 1.1.10.10.1177','-7432','1','10','3',441),('2023-01-01 00:00:00','1.1.10.10.1178','ATIVO CONTA: 1.1.10.10.1178','1771','1','9','3',442),('2023-01-01 00:00:00','1.1.10.10.1188','ATIVO CONTA: 1.1.10.10.1188','6423','1','8','3',443),('2023-01-01 00:00:00','1.1.10.10.1189','ATIVO CONTA: 1.1.10.10.1189','-5369','1','7','3',444),('2023-01-01 00:00:00','1.1.10.10.1190','ATIVO CONTA: 1.1.10.10.1190','-6550','1','8','3',445),('2023-01-01 00:00:00','1.1.10.20.1191','ATIVO CONTA: 1.1.10.20.1191','-832','1','6','3',446),('2023-01-01 00:00:00','1.1.10.20.1192','ATIVO CONTA: 1.1.10.20.1192','5013','1','2','3',447),('2023-01-01 00:00:00','1.1.10.20.1193','ATIVO CONTA: 1.1.10.20.1193','-9107','1','6','3',448),('2023-01-01 00:00:00','2.1.01.01.1020','PASSIVO CONTA: 2.1.01.01.1020','728','1','7','3',449),('2023-01-01 00:00:00','2.1.01.01.1025','PASSIVO CONTA: 2.1.01.01.1025','-606','1','3','3',450),('2023-01-01 00:00:00','2.1.10.10.1174','PASSIVO CONTA: 2.1.10.10.1174','-574','1','4','3',451),('2023-01-01 00:00:00','2.1.10.10.1176','PASSIVO CONTA: 2.1.10.10.1176','581','1','6','3',452),('2023-01-01 00:00:00','3.1.10.10.1178','PASSIVO CONTA: 3.1.10.10.1178','-629','1','9','3',453),('2023-01-01 00:00:00','3.1.10.10.1188','PASSIVO CONTA: 3.1.10.10.1188','480','1','7','3',454),('2023-01-01 00:00:00','3.1.10.10.1189','PASSIVO CONTA: 3.1.10.10.1189','324','1','7','3',455),('2023-01-01 00:00:00','3.1.10.10.1190','PASSIVO CONTA: 3.1.10.10.1190','-457','1','10','3',456),('2023-01-01 00:00:00','4.1.10.20.1191','PASSIVO CONTA: 4.1.10.20.1191','537','1','8','3',457),('2023-01-01 00:00:00','4.1.10.20.1192','PASSIVO CONTA: 4.1.10.20.1192','512','1','7','3',458),('2023-01-01 00:00:00','4.1.10.20.1193','PASSIVO CONTA: 4.1.10.20.1193','460','1','7','3',459),('2023-02-01 00:00:00','1.1.01.01.1020','ATIVO CONTA: 1.1.01.01.1020','14224','1','6','3',460),('2023-02-01 00:00:00','1.1.01.01.1025','ATIVO CONTA: 1.1.01.01.1025','7883.2','1','3','3',461),('2023-02-01 00:00:00','1.1.01.10.1121','ATIVO CONTA: 1.1.01.10.1121','-15872','1','5','3',462),('2023-02-01 00:00:00','1.1.10.10.1172','ATIVO CONTA: 1.1.10.10.1172','6161.6','1','7','3',463),('2023-02-01 00:00:00','1.1.10.10.1174','ATIVO CONTA: 1.1.10.10.1174','12481.6','1','2','3',464),('2023-02-01 00:00:00','1.1.10.10.1176','ATIVO CONTA: 1.1.10.10.1176','-1315.2','1','7','3',465),('2023-02-01 00:00:00','1.1.10.10.1177','ATIVO CONTA: 1.1.10.10.1177','-11891.2','1','10','3',466),('2023-02-01 00:00:00','1.1.10.10.1178','ATIVO CONTA: 1.1.10.10.1178','2833.6','1','5','3',467),('2023-02-01 00:00:00','1.1.10.10.1188','ATIVO CONTA: 1.1.10.10.1188','10276.8','1','7','3',468),('2023-02-01 00:00:00','1.1.10.10.1189','ATIVO CONTA: 1.1.10.10.1189','-8590.4','1','9','3',469),('2023-02-01 00:00:00','1.1.10.10.1190','ATIVO CONTA: 1.1.10.10.1190','-10480','1','3','3',470),('2023-02-01 00:00:00','1.1.10.20.1191','ATIVO CONTA: 1.1.10.20.1191','-1331.2','1','4','3',471),('2023-02-01 00:00:00','1.1.10.20.1192','ATIVO CONTA: 1.1.10.20.1192','8020.8','1','5','3',472),('2023-02-01 00:00:00','1.1.10.20.1193','ATIVO CONTA: 1.1.10.20.1193','-14571.2','1','2','3',473),('2023-02-01 00:00:00','2.1.01.01.1020','PASSIVO CONTA: 2.1.01.01.1020','1164.8','1','7','3',474),('2023-02-01 00:00:00','2.1.01.01.1025','PASSIVO CONTA: 2.1.01.01.1025','-969.6','1','3','3',475),('2023-02-01 00:00:00','2.1.10.10.1174','PASSIVO CONTA: 2.1.10.10.1174','-918.4','1','8','3',476),('2023-02-01 00:00:00','2.1.10.10.1176','PASSIVO CONTA: 2.1.10.10.1176','929.6','1','9','3',477),('2023-02-01 00:00:00','3.1.10.10.1178','PASSIVO CONTA: 3.1.10.10.1178','-1006.4','1','9','3',478),('2023-02-01 00:00:00','3.1.10.10.1188','PASSIVO CONTA: 3.1.10.10.1188','768','1','3','3',479),('2023-02-01 00:00:00','3.1.10.10.1189','PASSIVO CONTA: 3.1.10.10.1189','518.4','1','4','3',480),('2023-02-01 00:00:00','3.1.10.10.1190','PASSIVO CONTA: 3.1.10.10.1190','-731.2','1','3','3',481),('2023-02-01 00:00:00','4.1.10.20.1191','PASSIVO CONTA: 4.1.10.20.1191','859.2','1','2','3',482),('2023-02-01 00:00:00','4.1.10.20.1192','PASSIVO CONTA: 4.1.10.20.1192','819.2','1','4','3',483),('2023-02-01 00:00:00','4.1.10.20.1193','PASSIVO CONTA: 4.1.10.20.1193','736','1','4','3',484),('2023-01-01 00:00:00','3.1.10.10.1178','PASSIVO CONTA: 3.1.10.10.1178','-629','2','9','3',485),('2023-01-01 00:00:00','3.1.10.10.1188','PASSIVO CONTA: 3.1.10.10.1188','480','3','11','3',486),('2023-01-01 00:00:00','3.1.10.10.1189','PASSIVO CONTA: 3.1.10.10.1189','324','5','7','4',487),('2023-01-01 00:00:00','3.1.10.10.1190','PASSIVO CONTA: 3.1.10.10.1190','-457','2','10','3',488),('2023-01-01 00:00:00','4.1.10.20.1191','PASSIVO CONTA: 4.1.10.20.1191','537','2','8','1',489),('2023-01-01 00:00:00','4.1.10.20.1192','PASSIVO CONTA: 4.1.10.20.1192','512','4','7','2',490),('2023-01-01 00:00:00','4.1.10.20.1193','PASSIVO CONTA: 4.1.10.20.1193','460','4','7','3',491),('2023-03-01 00:00:00','1.1.01.01.1020','ATIVO CONTA: 1.1.01.01.1020','14224','1','11','1',492),('2023-03-01 00:00:00','1.1.01.01.1025','ATIVO CONTA: 1.1.01.01.1025','7883.2','1','12','1',493),('2023-03-01 00:00:00','1.1.01.10.1121','ATIVO CONTA: 1.1.01.10.1121','-15872','1','5','2',494),('2023-03-01 00:00:00','1.1.10.10.1172','ATIVO CONTA: 1.1.10.10.1172','6161.6','1','13','4',495),('2023-02-01 00:00:00','1.1.10.10.1174','ATIVO CONTA: 1.1.10.10.1174','12481.6','1','11','4',496),('2023-01-01 00:00:00','1.1.01.01.1020','ATIVO CONTA: 1.1.01.01.1020','9156.7','1','10','1',497),('2023-01-01 00:00:00','1.1.01.01.1025','ATIVO CONTA: 1.1.01.01.1025','5124.08','1','5','1',498),('2023-01-01 00:00:00','1.1.01.10.1121','ATIVO CONTA: 1.1.01.10.1121','-10416','1','8','1',499),('2023-01-01 00:00:00','1.1.10.10.1172','ATIVO CONTA: 1.1.10.10.1172','3966.53','1','1','1',500),('2023-01-01 00:00:00','1.1.10.10.1174','ATIVO CONTA: 1.1.10.10.1174','8113.04','1','3','1',501),('2023-01-01 00:00:00','1.1.10.10.1176','ATIVO CONTA: 1.1.10.10.1176','-863.1','1','9','1',502),('2023-01-01 00:00:00','1.1.10.10.1177','ATIVO CONTA: 1.1.10.10.1177','-7654.96','1','10','1',503),('2023-01-01 00:00:00','1.1.10.10.1178','ATIVO CONTA: 1.1.10.10.1178','1841.84','1','9','1',504),('2023-01-01 00:00:00','1.1.10.10.1188','ATIVO CONTA: 1.1.10.10.1188','6744.15','1','8','1',505),('2023-01-01 00:00:00','1.1.10.10.1189','ATIVO CONTA: 1.1.10.10.1189','-5530.07','1','7','1',506),('2023-01-01 00:00:00','1.1.10.10.1190','ATIVO CONTA: 1.1.10.10.1190','-6812','1','8','1',507),('2023-01-01 00:00:00','1.1.10.20.1191','ATIVO CONTA: 1.1.10.20.1191','-873.6','1','6','1',508),('2023-01-01 00:00:00','1.1.10.20.1192','ATIVO CONTA: 1.1.10.20.1192','5163.39','1','2','1',509),('2023-01-01 00:00:00','1.1.10.20.1193','ATIVO CONTA: 1.1.10.20.1193','-9471.28','1','6','1',510),('2023-01-01 00:00:00','2.1.01.01.1020','PASSIVO CONTA: 2.1.01.01.1020','764.4','1','7','1',511),('2023-01-01 00:00:00','2.1.01.01.1025','PASSIVO CONTA: 2.1.01.01.1025','-624.18','1','3','1',512),('2023-01-01 00:00:00','2.1.10.10.1174','PASSIVO CONTA: 2.1.10.10.1174','-596.96','1','4','1',513),('2023-01-01 00:00:00','2.1.10.10.1176','PASSIVO CONTA: 2.1.10.10.1176','610.05','1','6','1',514),('2023-01-01 00:00:00','3.1.10.10.1178','PASSIVO CONTA: 3.1.10.10.1178','-647.87','1','9','1',515),('2023-01-01 00:00:00','3.1.10.10.1188','PASSIVO CONTA: 3.1.10.10.1188','566.47','1','7','1',516),('2023-01-01 00:00:00','3.1.10.10.1189','PASSIVO CONTA: 3.1.10.10.1189','340.2','1','7','1',517),('2023-01-01 00:00:00','3.1.10.10.1190','PASSIVO CONTA: 3.1.10.10.1190','-470.71','1','10','1',518),('2023-01-01 00:00:00','4.1.10.20.1191','PASSIVO CONTA: 4.1.10.20.1191','558.48','1','8','1',519),('2023-01-01 00:00:00','4.1.10.20.1192','PASSIVO CONTA: 4.1.10.20.1192','537.6','1','7','1',520),('2023-01-01 00:00:00','4.1.10.20.1193','PASSIVO CONTA: 4.1.10.20.1193','473.8','1','7','1',521),('2023-02-01 00:00:00','1.1.01.01.1020','ATIVO CONTA: 1.1.01.01.1020','14792.96','1','6','1',522),('2023-02-01 00:00:00','1.1.01.01.1025','ATIVO CONTA: 1.1.01.01.1025','8277.36','1','3','1',523),('2023-02-01 00:00:00','1.1.01.10.1121','ATIVO CONTA: 1.1.01.10.1121','-16348.16','1','5','1',524),('2023-02-01 00:00:00','1.1.10.10.1172','ATIVO CONTA: 1.1.10.10.1172','6408064','1','7','1',525),('2023-02-01 00:00:00','1.1.10.10.1174','ATIVO CONTA: 1.1.10.10.1174','13105.68','1','2','1',526),('2023-02-01 00:00:00','1.1.10.10.1176','ATIVO CONTA: 1.1.10.10.1176','-1354656','1','7','1',527),('2023-02-01 00:00:00','1.1.10.10.1177','ATIVO CONTA: 1.1.10.10.1177','-12366848','1','10','1',528),('2023-02-01 00:00:00','1.1.10.10.1178','ATIVO CONTA: 1.1.10.10.1178','2975.28','1','5','1',529),('2023-02-01 00:00:00','1.1.10.10.1188','ATIVO CONTA: 1.1.10.10.1188','10585104','1','7','1',530),('2023-02-01 00:00:00','1.1.10.10.1189','ATIVO CONTA: 1.1.10.10.1189','-8934016','1','9','1',531),('2023-02-01 00:00:00','1.1.10.10.1190','ATIVO CONTA: 1.1.10.10.1190','-11004','1','3','1',532),('2023-02-01 00:00:00','1.1.10.20.1191','ATIVO CONTA: 1.1.10.20.1191','-1371136','1','4','1',533),('2023-02-01 00:00:00','1.1.10.20.1192','ATIVO CONTA: 1.1.10.20.1192','8341632','1','5','1',534),('2023-02-01 00:00:00','1.1.10.20.1193','ATIVO CONTA: 1.1.10.20.1193','-15299.76','1','2','1',535),('2023-02-01 00:00:00','2.1.01.01.1020','PASSIVO CONTA: 2.1.01.01.1020','1199744','1','7','1',536),('2023-02-01 00:00:00','2.1.01.01.1025','PASSIVO CONTA: 2.1.01.01.1025','-1008384','1','3','1',537),('2023-02-01 00:00:00','2.1.10.10.1174','PASSIVO CONTA: 2.1.10.10.1174','-964.32','1','8','1',538),('2023-02-01 00:00:00','2.1.10.10.1176','PASSIVO CONTA: 2.1.10.10.1176','957488','1','9','1',539),('2023-02-01 00:00:00','3.1.10.10.1178','PASSIVO CONTA: 3.1.10.10.1178','-1046656','1','9','1',540),('2023-02-01 00:00:00','3.1.10.10.1188','PASSIVO CONTA: 3.1.10.10.1188','806.4','1','3','1',541),('2023-02-01 00:00:00','3.1.10.10.1189','PASSIVO CONTA: 3.1.10.10.1189','533952','1','4','1',542),('2023-02-01 00:00:00','3.1.10.10.1190','PASSIVO CONTA: 3.1.10.10.1190','-760448','1','3','1',543),('2023-02-01 00:00:00','4.1.10.20.1191','PASSIVO CONTA: 4.1.10.20.1191','902.16','1','2','1',544),('2023-02-01 00:00:00','4.1.10.20.1192','PASSIVO CONTA: 4.1.10.20.1192','851968','1','4','1',545),('2023-02-01 00:00:00','4.1.10.20.1193','PASSIVO CONTA: 4.1.10.20.1193','772.8','1','4','1',546),('2023-01-01 00:00:00','3.1.10.10.1178','PASSIVO CONTA: 3.1.10.10.1178','-647.87','2','9','1',547),('2023-01-01 00:00:00','3.1.10.10.1188','PASSIVO CONTA: 3.1.10.10.1188','499.2','3','11','1',548),('2023-01-01 00:00:00','3.1.10.10.1189','PASSIVO CONTA: 3.1.10.10.1189','340.2','5','7','4',549),('2023-01-01 00:00:00','3.1.10.10.1190','PASSIVO CONTA: 3.1.10.10.1190','-470.71','2','10','3',550),('2023-01-01 00:00:00','4.1.10.20.1191','PASSIVO CONTA: 4.1.10.20.1191','558.48','2','8','1',551),('2023-01-01 00:00:00','4.1.10.20.1192','PASSIVO CONTA: 4.1.10.20.1192','84935832.75','4','7','2',552),('2023-01-01 00:00:00','4.1.10.20.1193','PASSIVO CONTA: 4.1.10.20.1193','483','4','7','3',553),('2023-03-01 00:00:00','1.1.01.01.1020','ATIVO CONTA: 1.1.01.01.1020','14650.72','1','11','1',554),('2023-03-01 00:00:00','1.1.01.01.1025','ATIVO CONTA: 1.1.01.01.1025','8198528','1','12','1',555),('2023-03-01 00:00:00','1.1.01.10.1121','ATIVO CONTA: 1.1.01.10.1121','-16506.88','1','5','2',556),('2023-03-01 00:00:00','1.1.10.10.1172','ATIVO CONTA: 1.1.10.10.1172','6408064','1','13','4',557),('2023-02-01 00:00:00','1.1.10.10.1174','ATIVO CONTA: 1.1.10.10.1174','13105.68','1','11','4',558),('2023-01-01 00:00:00','1.1.01.01.1020','ATIVO CONTA: 1.1.01.01.1020','9431401','1','10','2',559),('2023-01-01 00:00:00','1.1.01.01.1025','ATIVO CONTA: 1.1.01.01.1025','53290432','1','5','2',560),('2023-01-01 00:00:00','1.1.01.10.1121','ATIVO CONTA: 1.1.01.10.1121','-10936.8','1','8','2',561),('2023-01-01 00:00:00','1.1.10.10.1172','ATIVO CONTA: 1.1.10.10.1172','40855259','1','1','2',562),('2023-01-01 00:00:00','1.1.10.10.1174','ATIVO CONTA: 1.1.10.10.1174','84375616','1','3','2',563),('2023-01-01 00:00:00','1.1.10.10.1176','ATIVO CONTA: 1.1.10.10.1176','-906255','1','9','2',564),('2023-01-01 00:00:00','1.1.10.10.1177','ATIVO CONTA: 1.1.10.10.1177','-78846088','1','10','2',565),('2023-01-01 00:00:00','1.1.10.10.1178','ATIVO CONTA: 1.1.10.10.1178','19155136','1','9','2',566),('2023-01-01 00:00:00','1.1.10.10.1188','ATIVO CONTA: 1.1.10.10.1188','70813575','1','8','2',567),('2023-01-01 00:00:00','1.1.10.10.1189','ATIVO CONTA: 1.1.10.10.1189','-56959721','1','7','2',568),('2023-01-01 00:00:00','1.1.10.10.1190','ATIVO CONTA: 1.1.10.10.1190','-7084.48','1','8','2',569),('2023-01-01 00:00:00','1.1.10.20.1191','ATIVO CONTA: 1.1.10.20.1191','-917.28','1','6','2',570),('2023-01-01 00:00:00','1.1.10.20.1192','ATIVO CONTA: 1.1.10.20.1192','53182917','1','2','2',571),('2023-01-01 00:00:00','1.1.10.20.1193','ATIVO CONTA: 1.1.10.20.1193','-98501312','1','6','2',572),('2023-01-01 00:00:00','2.1.01.01.1020','PASSIVO CONTA: 2.1.01.01.1020','802.62','1','7','2',573),('2023-01-01 00:00:00','2.1.01.01.1025','PASSIVO CONTA: 2.1.01.01.1025','-6429054','1','3','2',574),('2023-01-01 00:00:00','2.1.10.10.1174','PASSIVO CONTA: 2.1.10.10.1174','-6208384','1','4','2',575),('2023-01-01 00:00:00','2.1.10.10.1176','PASSIVO CONTA: 2.1.10.10.1176','6405525','1','6','2',576),('2023-01-01 00:00:00','3.1.10.10.1178','PASSIVO CONTA: 3.1.10.10.1178','-6673061','1','9','2',577),('2023-01-01 00:00:00','3.1.10.10.1188','PASSIVO CONTA: 3.1.10.10.1188','519168','1','7','2',578),('2023-01-01 00:00:00','3.1.10.10.1189','PASSIVO CONTA: 3.1.10.10.1189','-84935832.75','1','7','2',579),('2023-01-01 00:00:00','3.1.10.10.1190','PASSIVO CONTA: 3.1.10.10.1190','-4848313','1','10','2',580),('2023-01-01 00:00:00','4.1.10.20.1191','PASSIVO CONTA: 4.1.10.20.1191','5808192','1','8','2',581),('2023-01-01 00:00:00','4.1.10.20.1192','PASSIVO CONTA: 4.1.10.20.1192','564.48','1','7','2',582),('2023-01-01 00:00:00','4.1.10.20.1193','PASSIVO CONTA: 4.1.10.20.1193','488014','1','7','2',583),('2023-02-01 00:00:00','1.1.01.01.1020','ATIVO CONTA: 1.1.01.01.1020','153846784','1','6','2',584),('2023-02-01 00:00:00','1.1.01.01.1025','ATIVO CONTA: 1.1.01.01.1025','8691228','1','3','2',585),('2023-02-01 00:00:00','1.1.01.10.1121','ATIVO CONTA: 1.1.01.10.1121','-168386048','1','5','2',586),('2023-02-01 00:00:00','1.1.10.10.1172','ATIVO CONTA: 1.1.10.10.1172','666438656','1','7','2',587),('2023-02-01 00:00:00','1.1.10.10.1174','ATIVO CONTA: 1.1.10.10.1174','13760964','1','2','2',588),('2023-02-01 00:00:00','1.1.10.10.1176','ATIVO CONTA: 1.1.10.10.1176','-139529568','1','7','2',589),('2023-02-01 00:00:00','1.1.10.10.1177','ATIVO CONTA: 1.1.10.10.1177','-1286152192','1','10','2',590),('2023-02-01 00:00:00','1.1.10.10.1178','ATIVO CONTA: 1.1.10.10.1178','3124044','1','5','2',591),('2023-02-01 00:00:00','1.1.10.10.1188','ATIVO CONTA: 1.1.10.10.1188','1090265712','1','7','2',592),('2023-02-01 00:00:00','1.1.10.10.1189','ATIVO CONTA: 1.1.10.10.1189','-929137664','1','9','2',593),('2023-02-01 00:00:00','1.1.10.10.1190','ATIVO CONTA: 1.1.10.10.1190','-11554.2','1','3','2',594),('2023-02-01 00:00:00','1.1.10.20.1191','ATIVO CONTA: 1.1.10.20.1191','-141227008','1','4','2',595),('2023-02-01 00:00:00','1.1.10.20.1192','ATIVO CONTA: 1.1.10.20.1192','867529728','1','5','2',596),('2023-02-01 00:00:00','1.1.10.20.1193','ATIVO CONTA: 1.1.10.20.1193','-16064748','1','2','2',597),('2023-02-01 00:00:00','2.1.01.01.1020','PASSIVO CONTA: 2.1.01.01.1020','123573632','1','7','2',598),('2023-02-01 00:00:00','2.1.01.01.1025','PASSIVO CONTA: 2.1.01.01.1025','-104871936','1','3','2',599),('2023-02-01 00:00:00','2.1.10.10.1174','PASSIVO CONTA: 2.1.10.10.1174','-1012536','1','8','2',600),('2023-02-01 00:00:00','2.1.10.10.1176','PASSIVO CONTA: 2.1.10.10.1176','98621264','1','9','2',601),('2023-02-01 00:00:00','3.1.10.10.1178','PASSIVO CONTA: 3.1.10.10.1178','-108852224','1','9','2',602),('2023-02-01 00:00:00','3.1.10.10.1188','PASSIVO CONTA: 3.1.10.10.1188','846.72','1','3','2',603),('2023-02-01 00:00:00','3.1.10.10.1189','PASSIVO CONTA: 3.1.10.10.1189','54997056','1','4','2',604),('2023-02-01 00:00:00','3.1.10.10.1190','PASSIVO CONTA: 3.1.10.10.1190','-79086592','1','3','2',605),('2023-02-01 00:00:00','4.1.10.20.1191','PASSIVO CONTA: 4.1.10.20.1191','947268','1','2','2',606),('2023-02-01 00:00:00','4.1.10.20.1192','PASSIVO CONTA: 4.1.10.20.1192','87752704','1','4','2',607),('2023-02-01 00:00:00','4.1.10.20.1193','PASSIVO CONTA: 4.1.10.20.1193','803712','1','4','2',608),('2023-01-01 00:00:00','3.1.10.10.1178','PASSIVO CONTA: 3.1.10.10.1178','-6802635','2','9','2',609),('2023-01-01 00:00:00','3.1.10.10.1188','PASSIVO CONTA: 3.1.10.10.1188','514176','3','11','2',610),('2023-01-01 00:00:00','3.1.10.10.1189','PASSIVO CONTA: 3.1.10.10.1189','353808','5','7','4',611),('2023-01-01 00:00:00','3.1.10.10.1190','PASSIVO CONTA: 3.1.10.10.1190','-4942455','2','10','3',612),('2023-01-01 00:00:00','4.1.10.20.1191','PASSIVO CONTA: 4.1.10.20.1191','5752344','2','8','1',613),('2023-01-01 00:00:00','4.1.10.20.1192','PASSIVO CONTA: 4.1.10.20.1192','559104','4','7','2',614),('2023-01-01 00:00:00','4.1.10.20.1193','PASSIVO CONTA: 4.1.10.20.1193','507.15','4','7','3',615),('2023-03-01 00:00:00','1.1.01.01.1020','ATIVO CONTA: 1.1.01.01.1020','150902416','1','11','1',616),('2023-03-01 00:00:00','1.1.01.01.1025','ATIVO CONTA: 1.1.01.01.1025','852646912','1','12','1',617),('2023-03-01 00:00:00','1.1.01.10.1121','ATIVO CONTA: 1.1.01.10.1121','-17332224','1','5','2',618),('2023-03-01 00:00:00','1.1.10.10.1172','ATIVO CONTA: 1.1.10.10.1172','666438656','1','13','4',619),('2023-02-01 00:00:00','1.1.10.10.1174','ATIVO CONTA: 1.1.10.10.1174','13760964','1','11','4',620),('2023-01-01 00:00:00','1.1.01.01.1020','ATIVO CONTA: 1.1.01.01.1020','9512.3','1','10','4',621),('2023-01-01 00:00:00','1.1.01.01.1025','ATIVO CONTA: 1.1.01.01.1025','5222.62','1','5','4',622),('2023-01-01 00:00:00','1.1.01.10.1121','ATIVO CONTA: 1.1.01.10.1121','-10416','1','8','4',623),('2023-01-01 00:00:00','1.1.10.10.1172','ATIVO CONTA: 1.1.10.10.1172','4120.57','1','1','4',624),('2023-01-01 00:00:00','1.1.10.10.1174','ATIVO CONTA: 1.1.10.10.1174','8269.06','1','3','4',625),('2023-01-01 00:00:00','1.1.10.10.1176','ATIVO CONTA: 1.1.10.10.1176','-863.1','1','9','4',626),('2023-01-01 00:00:00','1.1.10.10.1177','ATIVO CONTA: 1.1.10.10.1177','-7952.24','1','10','4',627),('2023-01-01 00:00:00','1.1.10.10.1178','ATIVO CONTA: 1.1.10.10.1178','1877.26','1','9','4',628),('2023-01-01 00:00:00','1.1.10.10.1188','ATIVO CONTA: 1.1.10.10.1188','6744.15','1','8','4',629),('2023-01-01 00:00:00','1.1.10.10.1189','ATIVO CONTA: 1.1.10.10.1189','-5744.83','1','7','4',630),('2023-01-01 00:00:00','1.1.10.10.1190','ATIVO CONTA: 1.1.10.10.1190','-6943','1','8','4',631),('2023-01-01 00:00:00','1.1.10.20.1191','ATIVO CONTA: 1.1.10.20.1191','-873.6','1','6','4',632),('2023-01-01 00:00:00','1.1.10.20.1192','ATIVO CONTA: 1.1.10.20.1192','5363.91','1','2','4',633),('2023-01-01 00:00:00','1.1.10.20.1193','ATIVO CONTA: 1.1.10.20.1193','-9653.42','1','6','4',634),('2023-01-01 00:00:00','2.1.01.01.1020','PASSIVO CONTA: 2.1.01.01.1020','764.4','1','7','4',635),('2023-01-01 00:00:00','2.1.01.01.1025','PASSIVO CONTA: 2.1.01.01.1025','-648.42','1','3','4',636),('2023-01-01 00:00:00','2.1.10.10.1174','PASSIVO CONTA: 2.1.10.10.1174','-608.44','1','4','4',637),('2023-01-01 00:00:00','2.1.10.10.1176','PASSIVO CONTA: 2.1.10.10.1176','610.05','1','6','4',638),('2023-01-01 00:00:00','3.1.10.10.1178','PASSIVO CONTA: 3.1.10.10.1178','-673.03','1','9','4',639),('2023-01-01 00:00:00','3.1.10.10.1188','PASSIVO CONTA: 3.1.10.10.1188','648.1','1','7','4',640),('2023-01-01 00:00:00','3.1.10.10.1189','PASSIVO CONTA: 3.1.10.10.1189','340.2','1','7','4',641),('2023-01-01 00:00:00','3.1.10.10.1190','PASSIVO CONTA: 3.1.10.10.1190','-488.99','1','10','4',642),('2023-01-01 00:00:00','4.1.10.20.1191','PASSIVO CONTA: 4.1.10.20.1191','569.22','1','8','4',643),('2023-01-01 00:00:00','4.1.10.20.1192','PASSIVO CONTA: 4.1.10.20.1192','537.6','1','7','4',644),('2023-01-01 00:00:00','4.1.10.20.1193','PASSIVO CONTA: 4.1.10.20.1193','492.2','1','7','4',645),('2023-02-01 00:00:00','1.1.01.01.1020','ATIVO CONTA: 1.1.01.01.1020','15077.44','1','6','4',646),('2023-02-01 00:00:00','1.1.01.01.1025','ATIVO CONTA: 1.1.01.01.1025','8277.36','1','3','4',647),('2023-02-01 00:00:00','1.1.01.10.1121','ATIVO CONTA: 1.1.01.10.1121','-16983.04','1','5','4',648),('2023-02-01 00:00:00','1.1.10.10.1172','ATIVO CONTA: 1.1.10.10.1172','6531296','1','7','4',649),('2023-02-01 00:00:00','1.1.10.10.1174','ATIVO CONTA: 1.1.10.10.1174','13105.68','1','2','4',650),('2023-02-01 00:00:00','1.1.10.10.1176','ATIVO CONTA: 1.1.10.10.1176','-1407264','1','7','4',651),('2023-02-01 00:00:00','1.1.10.10.1177','ATIVO CONTA: 1.1.10.10.1177','-12604672','1','10','4',652),('2023-02-01 00:00:00','1.1.10.10.1178','ATIVO CONTA: 1.1.10.10.1178','2975.28','1','5','4',653),('2023-02-01 00:00:00','1.1.10.10.1188','ATIVO CONTA: 1.1.10.10.1188','10996176','1','7','4',654),('2023-02-01 00:00:00','1.1.10.10.1189','ATIVO CONTA: 1.1.10.10.1189','-9105824','1','9','4',655),('2023-02-01 00:00:00','1.1.10.10.1190','ATIVO CONTA: 1.1.10.10.1190','-11004','1','3','4',656),('2023-02-01 00:00:00','1.1.10.20.1191','ATIVO CONTA: 1.1.10.20.1191','-1424384','1','4','4',657),('2023-02-01 00:00:00','1.1.10.20.1192','ATIVO CONTA: 1.1.10.20.1192','8502048','1','5','4',658),('2023-02-01 00:00:00','1.1.10.20.1193','ATIVO CONTA: 1.1.10.20.1193','-15299.76','1','2','4',659),('2023-02-01 00:00:00','2.1.01.01.1020','PASSIVO CONTA: 2.1.01.01.1020','1246336','1','7','4',660),('2023-02-01 00:00:00','2.1.01.01.1025','PASSIVO CONTA: 2.1.01.01.1025','-1027776','1','3','4',661),('2023-02-01 00:00:00','2.1.10.10.1174','PASSIVO CONTA: 2.1.10.10.1174','-964.32','1','8','4',662),('2023-02-01 00:00:00','2.1.10.10.1176','PASSIVO CONTA: 2.1.10.10.1176','994672','1','9','4',663),('2023-02-01 00:00:00','3.1.10.10.1178','PASSIVO CONTA: 3.1.10.10.1178','-1066784','1','9','4',664),('2023-02-01 00:00:00','3.1.10.10.1188','PASSIVO CONTA: 3.1.10.10.1188','806.4','1','3','4',665),('2023-02-01 00:00:00','3.1.10.10.1189','PASSIVO CONTA: 3.1.10.10.1189','554688','1','4','4',666),('2023-02-01 00:00:00','3.1.10.10.1190','PASSIVO CONTA: 3.1.10.10.1190','-775072','1','3','4',667),('2023-02-01 00:00:00','4.1.10.20.1191','PASSIVO CONTA: 4.1.10.20.1191','902.16','1','2','4',668),('2023-02-01 00:00:00','4.1.10.20.1192','PASSIVO CONTA: 4.1.10.20.1192','876544','1','4','4',669),('2023-02-01 00:00:00','4.1.10.20.1193','PASSIVO CONTA: 4.1.10.20.1193','780.16','1','4','4',670),('2023-01-01 00:00:00','3.1.10.10.1178','PASSIVO CONTA: 3.1.10.10.1178','-660.45','2','9','4',671),('2023-01-01 00:00:00','3.1.10.10.1188','PASSIVO CONTA: 3.1.10.10.1188','504','3','11','4',672),('2023-01-01 00:00:00','3.1.10.10.1189','PASSIVO CONTA: 3.1.10.10.1189','346.68','5','7','4',673),('2023-01-01 00:00:00','3.1.10.10.1190','PASSIVO CONTA: 3.1.10.10.1190','-484.42','2','10','3',674),('2023-01-01 00:00:00','4.1.10.20.1191','PASSIVO CONTA: 4.1.10.20.1191','563.85','2','8','1',675),('2023-01-01 00:00:00','4.1.10.20.1192','PASSIVO CONTA: 4.1.10.20.1192','547.84','4','7','2',676),('2023-01-01 00:00:00','4.1.10.20.1193','PASSIVO CONTA: 4.1.10.20.1193','487.6','4','7','3',677),('2023-03-01 00:00:00','1.1.01.01.1020','ATIVO CONTA: 1.1.01.01.1020','14935.2','1','11','1',678),('2023-03-01 00:00:00','1.1.01.01.1025','ATIVO CONTA: 1.1.01.01.1025','8435024','1','12','1',679),('2023-03-01 00:00:00','1.1.01.10.1121','ATIVO CONTA: 1.1.01.10.1121','-16824.32','1','5','2',680),('2023-03-01 00:00:00','1.1.10.10.1172','ATIVO CONTA: 1.1.10.10.1172','6469.68','1','13','4',681),('2023-02-01 00:00:00','1.1.10.10.1174','ATIVO CONTA: 1.1.10.10.1174','13230496','1','11','4',682),('2023-01-01 00:00:00','1.1.01.01.1020','ATIVO CONTA: 1.1.01.01.1020','9431401','1','10','5',683),('2023-01-01 00:00:00','1.1.01.01.1025','ATIVO CONTA: 1.1.01.01.1025','53290432','1','5','5',684),('2023-01-01 00:00:00','1.1.01.10.1121','ATIVO CONTA: 1.1.01.10.1121','-10936.8','1','8','5',685),('2023-01-01 00:00:00','1.1.10.10.1172','ATIVO CONTA: 1.1.10.10.1172','41648565','1','1','5',686),('2023-01-01 00:00:00','1.1.10.10.1174','ATIVO CONTA: 1.1.10.10.1174','86809528','1','3','5',687),('2023-01-01 00:00:00','1.1.10.10.1176','ATIVO CONTA: 1.1.10.10.1176','-914886','1','9','5',688),('2023-01-01 00:00:00','1.1.10.10.1177','ATIVO CONTA: 1.1.10.10.1177','-8037708','1','10','5',689),('2023-01-01 00:00:00','1.1.10.10.1178','ATIVO CONTA: 1.1.10.10.1178','1933932','1','9','5',690),('2023-01-01 00:00:00','1.1.10.10.1188','ATIVO CONTA: 1.1.10.10.1188','72162405','1','8','5',691),('2023-01-01 00:00:00','1.1.10.10.1189','ATIVO CONTA: 1.1.10.10.1189','-58618742','1','7','5',692),('2023-01-01 00:00:00','1.1.10.10.1190','ATIVO CONTA: 1.1.10.10.1190','-7152.6','1','8','5',693),('2023-01-01 00:00:00','1.1.10.20.1191','ATIVO CONTA: 1.1.10.20.1191','-934752','1','6','5',694),('2023-01-01 00:00:00','1.1.10.20.1192','ATIVO CONTA: 1.1.10.20.1192','54731934','1','2','5',695),('2023-01-01 00:00:00','1.1.10.20.1193','ATIVO CONTA: 1.1.10.20.1193','-9944844','1','6','5',696),('2023-01-01 00:00:00','2.1.01.01.1020','PASSIVO CONTA: 2.1.01.01.1020','817908','1','7','5',697),('2023-01-01 00:00:00','2.1.01.01.1025','PASSIVO CONTA: 2.1.01.01.1025','-6616308','1','3','5',698),('2023-01-01 00:00:00','2.1.10.10.1174','PASSIVO CONTA: 2.1.10.10.1174','-626808','1','4','5',699),('2023-01-01 00:00:00','2.1.10.10.1176','PASSIVO CONTA: 2.1.10.10.1176','646653','1','6','5',700),('2023-01-01 00:00:00','3.1.10.10.1178','PASSIVO CONTA: 3.1.10.10.1178','-6673061','1','9','5',701),('2023-01-01 00:00:00','3.1.10.10.1188','PASSIVO CONTA: 3.1.10.10.1188','519168','1','7','5',702),('2023-01-01 00:00:00','3.1.10.10.1189','PASSIVO CONTA: 3.1.10.10.1189','357.21','1','7','5',703),('2023-01-01 00:00:00','3.1.10.10.1190','PASSIVO CONTA: 3.1.10.10.1190','-4942455','1','10','5',704),('2023-01-01 00:00:00','4.1.10.20.1191','PASSIVO CONTA: 4.1.10.20.1191','5975736','1','8','5',705),('2023-01-01 00:00:00','4.1.10.20.1192','PASSIVO CONTA: 4.1.10.20.1192','569856','1','7','5',706),('2023-01-01 00:00:00','4.1.10.20.1193','PASSIVO CONTA: 4.1.10.20.1193','-231210221.81','1','7','5',707),('2023-02-01 00:00:00','1.1.01.01.1020','ATIVO CONTA: 1.1.01.01.1020','15532608','1','6','5',708),('2023-02-01 00:00:00','1.1.01.01.1025','ATIVO CONTA: 1.1.01.01.1025','88567752','1','3','5',709),('2023-02-01 00:00:00','1.1.01.10.1121','ATIVO CONTA: 1.1.01.10.1121','-173290496','1','5','5',710),('2023-02-01 00:00:00','1.1.10.10.1172','ATIVO CONTA: 1.1.10.10.1172','67284672','1','7','5',711),('2023-02-01 00:00:00','1.1.10.10.1174','ATIVO CONTA: 1.1.10.10.1174','140230776','1','2','5',712),('2023-02-01 00:00:00','1.1.10.10.1176','ATIVO CONTA: 1.1.10.10.1176','-143593536','1','7','5',713),('2023-02-01 00:00:00','1.1.10.10.1177','ATIVO CONTA: 1.1.10.10.1177','-129851904','1','10','5',714),('2023-02-01 00:00:00','1.1.10.10.1178','ATIVO CONTA: 1.1.10.10.1178','31835496','1','5','5',715),('2023-02-01 00:00:00','1.1.10.10.1188','ATIVO CONTA: 1.1.10.10.1188','1122021024','1','7','5',716),('2023-02-01 00:00:00','1.1.10.10.1189','ATIVO CONTA: 1.1.10.10.1189','-93807168','1','9','5',717),('2023-02-01 00:00:00','1.1.10.10.1190','ATIVO CONTA: 1.1.10.10.1190','-11664.24','1','3','5',718),('2023-02-01 00:00:00','1.1.10.20.1191','ATIVO CONTA: 1.1.10.20.1191','-141227008','1','4','5',719),('2023-02-01 00:00:00','1.1.10.20.1192','ATIVO CONTA: 1.1.10.20.1192','867529728','1','5','5',720),('2023-02-01 00:00:00','1.1.10.20.1193','ATIVO CONTA: 1.1.10.20.1193','-16064748','1','2','5',721),('2023-02-01 00:00:00','2.1.01.01.1020','PASSIVO CONTA: 2.1.01.01.1020','127172864','1','7','5',722),('2023-02-01 00:00:00','2.1.01.01.1025','PASSIVO CONTA: 2.1.01.01.1025','-10588032','1','3','5',723),('2023-02-01 00:00:00','2.1.10.10.1174','PASSIVO CONTA: 2.1.10.10.1174','-10221792','1','8','5',724),('2023-02-01 00:00:00','2.1.10.10.1176','PASSIVO CONTA: 2.1.10.10.1176','98621264','1','9','5',725),('2023-02-01 00:00:00','3.1.10.10.1178','PASSIVO CONTA: 3.1.10.10.1178','-108852224','1','9','5',726),('2023-02-01 00:00:00','3.1.10.10.1188','PASSIVO CONTA: 3.1.10.10.1188','846.72','1','3','5',727),('2023-02-01 00:00:00','3.1.10.10.1189','PASSIVO CONTA: 3.1.10.10.1189','56598912','1','4','5',728),('2023-02-01 00:00:00','3.1.10.10.1190','PASSIVO CONTA: 3.1.10.10.1190','-7984704','1','3','5',729),('2023-02-01 00:00:00','4.1.10.20.1191','PASSIVO CONTA: 4.1.10.20.1191','9562896','1','2','5',730),('2023-02-01 00:00:00','4.1.10.20.1192','PASSIVO CONTA: 4.1.10.20.1192','-231211216.79','1','4','5',731),('2023-02-01 00:00:00','4.1.10.20.1193','PASSIVO CONTA: 4.1.10.20.1193','803712','1','4','5',732),('2023-01-01 00:00:00','3.1.10.10.1178','PASSIVO CONTA: 3.1.10.10.1178','-6802635','2','9','5',733),('2023-01-01 00:00:00','3.1.10.10.1188','PASSIVO CONTA: 3.1.10.10.1188','529152','3','11','5',734),('2023-01-01 00:00:00','3.1.10.10.1189','PASSIVO CONTA: 3.1.10.10.1189','357.21','5','7','5',735),('2023-01-01 00:00:00','3.1.10.10.1190','PASSIVO CONTA: 3.1.10.10.1190','-4989526','2','10','3',736),('2023-01-01 00:00:00','4.1.10.20.1191','PASSIVO CONTA: 4.1.10.20.1191','5752344','2','8','1',737),('2023-01-01 00:00:00','4.1.10.20.1192','PASSIVO CONTA: 4.1.10.20.1192','559104','4','7','2',738),('2023-01-01 00:00:00','4.1.10.20.1193','PASSIVO CONTA: 4.1.10.20.1193','507.15','4','7','3',739),('2023-03-01 00:00:00','1.1.01.01.1020','ATIVO CONTA: 1.1.01.01.1020','150902416','1','11','1',740),('2023-03-01 00:00:00','1.1.01.01.1025','ATIVO CONTA: 1.1.01.01.1025','852646912','1','12','1',741),('2023-03-01 00:00:00','1.1.01.10.1121','ATIVO CONTA: 1.1.01.10.1121','-17332224','1','5','2',742),('2023-03-01 00:00:00','1.1.10.10.1172','ATIVO CONTA: 1.1.10.10.1172','660030592','1','13','4',743),('2023-02-01 00:00:00','1.1.10.10.1174','ATIVO CONTA: 1.1.10.10.1174','136299072','1','11','4',744);
/*!40000 ALTER TABLE `source` ENABLE KEYS */;
UNLOCK TABLES;

--
-- Dumping events for database 'teste_analista_dados_questao_1'
--

--
-- Dumping routines for database 'teste_analista_dados_questao_1'
--
/*!40103 SET TIME_ZONE=@OLD_TIME_ZONE */;

/*!40101 SET SQL_MODE=@OLD_SQL_MODE */;
/*!40014 SET FOREIGN_KEY_CHECKS=@OLD_FOREIGN_KEY_CHECKS */;
/*!40014 SET UNIQUE_CHECKS=@OLD_UNIQUE_CHECKS */;
/*!40101 SET CHARACTER_SET_CLIENT=@OLD_CHARACTER_SET_CLIENT */;
/*!40101 SET CHARACTER_SET_RESULTS=@OLD_CHARACTER_SET_RESULTS */;
/*!40101 SET COLLATION_CONNECTION=@OLD_COLLATION_CONNECTION */;
/*!40111 SET SQL_NOTES=@OLD_SQL_NOTES */;

-- Dump completed on 2024-05-15 11:38:11
